{
    "trealet": [
        {
            "time": "31\/10\/2021",
            "title": "haikha",
            "description": ";pna lsams ",
            "type": "video",
            "link": "3iu5o3",
            "backgroundImg": "4223"
        },
        {
            "time": "2\/11\/2021",
            "title": "ahanc ",
            "description": "wf fseW FEW fwewa ",
            "type": "Ảnh",
            "link": "363432",
            "backgroundImg": "5332"
        }
    ]
}